ID,RA,DEC,Re,z,Mstar,u_mag,g_mag,r_mag,i_mag,z_mag,GAL_MU_E_R,Ellipticity_r,RS_member,r_on_rtwo,ClusterName,ClusterMember,GAL_MU_E_U,GAL_MU_0_U,GAL_MU_E_G,GAL_MU_0_G,GAL_MU_0_R,GAL_MU_E_I,GAL_MU_0_I,GAL_MU_E_Z,GAL_MU_0_Z,SersicIndex_r,MassHIpred,WALLABYflag,Dingoflag,g_m_i,IFU_diam_2Re,GAL_MU_R_at_2Re,GAL_MU_R_at_3Re,MW_analogue,EO_wind_galaxy,priority,N_observations_to_complete,Field,Region
C901005641602210,302.7612782139634,-56.323043539239336,6.168488025665283,0.0588237912967377,9.764878110377026,-999999.0,17.148134231567383,16.659032821655273,16.567483748604417,16.329940795898438,21.852801133460048,-99999.0,0.0,0.8394982963253105,A3667,1.0,,,,,,,,,,,,,,0.580650482962966,24.673952102661133,,,0,0,8,1,Cluster,A3667
C901005323700416,303.3867484201787,-57.22421186398701,3.2322216033935547,0.0385256316512823,9.375641014587014,-999999.0,17.809038162231445,17.211685180664062,16.91462202522053,16.82297134399414,21.002065505696383,-99999.0,0.0,0.6596662212294063,A3667,0.0,,,,,,,,,,,,,,0.8944161370109143,12.92888641357422,,,0,0,8,3,Cluster,A3667
C901005561503840,303.75928901341854,-56.61581115007782,1.9906423091888428,0.0535681707163651,9.652331276099044,-999999.0,18.163009643554688,17.529159545898438,17.149521904570236,17.146724700927734,20.267000379349973,-99999.0,0.0,0.6409582381416813,A3667,1.0,,,,,,,,,,,,,,1.013487738984452,7.962569236755371,,,0,0,8,1,Cluster,A3667
C901005561300341,302.7103671370233,-56.54991758200176,6.199404716491699,0.0532344758990641,10.061810356484589,-999999.0,16.891254425048828,16.25936508178711,15.960537531939512,15.752277374267578,21.46398971040507,-99999.0,0.0,0.5514460856310105,A3667,1.0,,,,,,,,,,,,,,0.9307168931093166,24.7976188659668,,,0,0,8,1,Cluster,A3667
C901005402501640,303.8685262413722,-56.95837060917467,4.166321754455566,0.0568093620240688,9.664442677496838,-999999.0,18.31303977966309,17.580127716064453,17.342761521018996,17.08501434326172,21.92176642963748,-99999.0,0.0,0.6727605265217926,A3667,1.0,,,,,,,,,,,,,,0.9702782586440896,16.665287017822266,,,0,0,8,1,Cluster,A3667
C901005641502503,302.3304512188983,-56.30249313035998,2.706205129623413,0.0543186645954847,9.918145830322398,-999999.0,17.094125747680664,16.506317138671875,16.227848569355757,16.092470169067383,19.91099538498032,-99999.0,0.0,1.055993125522301,A3667,1.0,,,,,,,,,,,,,,0.866277178324907,10.824820518493652,,,0,0,8,1,Cluster,A3667
C901005722002235,301.2634187979451,-56.09601623114804,5.720869064331055,0.0508795231580734,10.305699258249328,-999999.0,17.340715408325195,16.361148834228516,16.165424019294758,15.564491271972656,21.39133355606011,-99999.0,1.0,1.953950641148268,A3667,1.0,,,,,,,,,,,,,,1.1752913890304375,22.88347625732422,,,0,0,4,1,Cluster,A3667
C901005245310639,302.5706874920123,-57.50462856712085,2.5499069690704346,0.0546028986573219,10.59869450681825,-999999.0,16.9105167388916,15.935786247253418,15.555002158039493,15.252159118652344,19.21128260849897,-99999.0,1.0,1.1491471699752611,A3667,1.0,,,,,,,,,,,,,,1.355514580852109,10.199627876281738,,,0,0,4,1,Cluster,A3667
C901005481708367,303.659896841243,-56.69480906841536,3.5080459117889404,0.0533730331808328,9.789935350241226,-999999.0,18.33894157409668,17.470922470092773,17.27806986278304,16.884506225585938,21.439123494776616,-99999.0,1.0,0.50859569316432,A3667,1.0,,,,,,,,,,,,,,1.0608717113136414,14.032183647155762,,,0,0,1,1,Cluster,A3667
C901005641610832,303.08857878895634,-56.25820885490806,2.814708709716797,0.0515208188444376,10.25494088095964,-999999.0,17.31627655029297,16.41593360900879,16.14219284281159,15.790969848632812,19.90597557565368,-99999.0,1.0,0.8843680812969623,A3667,1.0,,,,,,,,,,,,,,1.1740837074813797,11.258834838867188,,,0,0,1,1,Cluster,A3667
C901005561311996,303.13587366851505,-56.52729692664802,3.1003506183624268,0.0548825412988662,10.318345714217752,-999999.0,17.155990600585938,16.30370330810547,15.96580450267597,15.691905975341797,20.003632044511424,-99999.0,1.0,0.4660750554029937,A3667,1.0,,,,,,,,,,,,,,1.190186097909967,12.401402473449709,,,0,0,1,1,Cluster,A3667
C901005402204814,302.63199140324934,-57.03408436109062,5.889552116394043,0.0559872351586818,10.091404895307615,-999999.0,17.97734260559082,17.077041625976562,16.70757605560798,16.380861282348633,22.170327653655463,-99999.0,1.0,0.5206290927576023,A3667,1.0,,,,,,,,,,,,,,1.2697665499828403,23.55820846557617,,,0,0,1,1,Cluster,A3667
C901005641506785,302.5074768398387,-56.320441930451615,11.843939781188965,0.0506053623742869,10.953716267334949,-999999.0,15.647275924682615,14.706253051757812,14.49479455754046,13.958621978759766,21.316608686567875,-99999.0,1.0,0.943230781801678,A3667,1.0,,,,,,,,,,,,,,1.1524813671421583,47.37575912475586,,,0,0,1,1,Cluster,A3667
C901005481606139,303.122792689148,-56.80013701259983,7.2487053871154785,0.0490393584239526,10.742546628904316,-999999.0,16.18062973022461,15.22407341003418,14.969518953293184,14.546098709106444,20.76825033604721,-99999.0,1.0,0.0421434374914916,A3667,1.0,,,,,,,,,,,,,,1.2111107769314255,28.994821548461918,,,1,0,8,1,Cluster,A3667
C901005323701795,303.440413102288,-57.151864126657145,3.4131829738616943,0.0570399984717369,9.989317348071763,-999999.0,17.880338668823242,17.012557983398438,16.934498617422403,16.43154525756836,20.92123051790766,-99999.0,1.0,0.5761696540107959,A3667,1.0,,,,,,,,,,,,,,0.9458400514008396,13.652731895446776,,,0,0,1,1,Cluster,A3667
C901005641401452,301.8417167562692,-56.12838502224878,6.656813621520996,0.0548519790172576,10.087325100354008,-999999.0,17.588438034057617,16.753734588623047,16.45494786072165,16.09543228149414,22.11294125875344,-99999.0,1.0,1.5403231574042249,A3667,1.0,,,,,,,,,,,,,,1.133490173335968,26.627254486083984,,,0,0,4,1,Cluster,A3667
C901005481501033,302.4532738703017,-56.67919442313234,3.135262489318848,0.0617947038263082,10.395347954740611,-999999.0,17.285423278808594,16.371070861816406,16.174059551356482,15.746070861816406,20.095315076228424,-99999.0,1.0,0.6081342256709481,A3667,1.0,,,,,,,,,,,,,,1.1113637274521118,12.54104995727539,,,0,0,1,1,Cluster,A3667
C901005561309316,303.0391523504145,-56.577236841870025,2.0024893283843994,0.0571169666945934,10.222172801420175,-999999.0,17.833852767944336,16.90016746520996,16.476801876977003,16.2595157623291,19.650893198601533,-99999.0,1.0,0.3932563046147767,A3667,1.0,,,,,,,,,,,,,,1.357050890967333,8.009957313537598,,,0,0,1,1,Cluster,A3667
C901005481503311,302.5482751079945,-56.79553176210115,2.488091230392456,0.0562136024236679,9.917328070886072,-999999.0,18.40770721435547,17.540054321289062,17.12299055943126,16.947330474853516,20.76226050556531,-99999.0,1.0,0.4838799781011978,A3667,1.0,,,,,,,,,,,,,,1.2847166549242104,9.952364921569824,,,0,0,1,1,Cluster,A3667
W176001048307456,174.709781420147,0.537951427013244,6.5145433367392,0.0283100008964538,9.060446816943356,18.549684071148167,17.425332632501544,17.044504909976794,16.827294719411263,16.72010201001421,22.356799479149824,0.168346486240562,,,,,,,,,,,,,,,,,,0.5980379130902804,26.0581733469568,,,0,0,8,3,WAVES_N,G12
W175000030905234,174.557616124569,0.352775283532896,2.93460025400308,0.0970999971032142,11.061805606253564,18.563364497592588,16.70447240219377,15.850441045261332,15.490874947097318,15.193256482535334,19.431060480972175,0.240521626920406,,,,,,,,,,,,,,,,,,1.2135974550964512,11.73840101601232,,,0,0,4,1,WAVES_N,G12
W175000013108362,174.572470974185,0.613427566819697,8.00043021544758,0.0031999999191612,7.422080753470583,17.70707661666301,16.51671564304153,16.181845416471656,16.02628141139722,15.923037230404631,21.940286805148737,0.2132599198041309,,,,,,,,,,,,,,,,,,0.4904342316443077,32.00172086179032,,,0,0,4,1,WAVES_N,G12
W175000240704287,174.382787363453,0.273870061982509,5.93919787124005,0.0182000007480382,8.162294333689651,19.14166335484857,18.218536860654147,17.92806005180304,17.802543937503977,17.73293999537626,23.039573706241185,0.478902106564789,,,,,,,,,,,,,,,,,,0.4159929231501706,23.7567914849602,,,0,0,4,1,WAVES_N,G12
W175000179607028,174.433716715222,0.502277276403219,3.86609840935314,0.0268300008028745,8.228794103389193,19.990185633111096,18.855353207389317,18.598361231913454,18.450397333782163,18.36573285960264,22.777600436419647,0.159079893117526,,,,,,,,,,,,,,,,,,0.4049558736071503,15.46439363741256,,,0,0,4,1,WAVES_N,G12
W175990579201150,175.10071954371,-0.987528374583551,2.18618244998188,0.0286299996078014,8.499990491608655,19.980981391870458,18.85732569735508,18.429990411112875,18.25682648022353,18.120539666924003,21.371297110820244,0.4123209705159659,,,,,,,,,,,,,,,,,,0.6004992171315457,8.74472979992752,,,0,0,8,3,WAVES_N,G12
W175990398101358,175.25165098629,-0.970188421456704,3.96898863625375,0.0289131607860326,8.783840473070628,19.055694641396972,17.94056468369316,17.586498938078186,17.422565172859393,17.345752356672193,21.822772897141785,0.124145804712889,,,,,,,,,,,,,,,,,,0.5179995108337678,15.875954545015,,,0,0,8,3,WAVES_N,G12
W175990078603980,175.517900470393,-0.7516760087812,3.90562901914472,0.0411599986255168,8.848332020036365,19.774339748683374,18.668759070428496,18.327488603545973,18.101449845921003,18.079734531796724,22.52881822992535,0.650115289982956,,,,,,,,,,,,,,,,,,0.5673092245074933,15.62251607657888,,,0,1,8,3,WAVES_N,G12
W175990340904307,175.299310573353,-0.724447301047018,4.24781635599487,0.0278600007295608,8.516403146792715,20.468384719037548,19.16729793999392,18.754407880351785,18.418827198938217,18.33394710689332,23.13811122615704,0.218773736098099,,,,,,,,,,,,,,,,,,0.748470741055705,16.99126542397948,,,0,0,8,3,WAVES_N,G12
W176970788702695,175.42603443861,-2.85878459873092,2.87214200613103,0.0549000017344951,10.579928656365045,18.068864672949907,16.270201594509288,15.537758929821416,15.22373523915921,14.967225221599442,19.071663155275846,0.501598094564017,,,,,,,,,,,,,,,,,,1.0464663553500788,11.48856802452412,,,1,0,8,1,WAVES_N,G12
W176970968106434,175.276405285372,-2.54718895221702,2.16496661798328,0.0522999987006187,10.315260596115388,18.75997423735145,16.956072562785216,16.193916626471864,15.86387621424912,15.593690723928074,19.114047329581545,0.1528688037022719,,,,,,,,,,,,,,,,,,1.0921963485360957,8.65986647193312,,,0,0,4,1,WAVES_N,G12
W176970538106921,175.635087337805,-2.50661804189871,4.64494884782096,0.0531999990344047,10.42381069649206,18.182926741735933,16.675983577891117,15.959132341332714,15.599946505531562,15.339997711957563,20.53691170165778,0.4557046110356409,,,,,,,,,,,,,,,,,,1.0760370723595545,18.57979539128384,,,0,0,4,1,WAVES_N,G12
W176970859309992,175.367190704699,-2.25070386617767,4.14451667228078,0.0480999983847141,10.178617897867383,18.085716277768555,16.60632532999397,16.01138501004446,15.700878505849785,15.504245220269564,20.341629146910368,0.179704324937865,,,,,,,,,,,,,,,,,,0.9054468241441872,16.57806668912312,,,0,0,4,1,WAVES_N,G12
W176970326301123,175.811868376264,-2.98973552680939,3.08971495944355,0.0597999989986419,9.882194128293548,18.740600767924068,17.43065308620566,16.937828823085386,16.661174261560056,16.49723597134082,20.630295582768877,0.1616165564259269,,,,,,,,,,,,,,,,,,0.7694788246456028,12.3588598377742,,,0,0,4,1,WAVES_N,G12
W176991144610199,175.629547762141,-0.233455376354544,1.54906345073021,0.0548399984836578,9.63502325472728,20.043911347237994,18.624689956791816,17.958098907125613,17.58021189799483,17.403796272700127,20.151319624518283,0.1543025245834579,,,,,,,,,,,,,,,,,,1.0444780587969866,6.19625380292084,,,0,0,4,1,WAVES_N,G12
W176980227900661,176.393682066596,-2.02822885767681,3.11920789418307,0.0800999999046325,10.920492305349724,18.73120862441709,16.795317083495604,15.90729596046888,15.534001924782514,15.25815396250944,19.62039224873705,0.374500577185453,,,,,,,,,,,,,,,,,,1.2613151587130904,12.47683157673228,,,0,0,4,1,WAVES_N,G12
W176980189500627,176.425699680197,-2.03105377317618,6.47665080743413,0.0782999992370605,11.27763266234796,17.636448410270887,15.784194598191018,14.918386772331154,14.548905331630737,14.287556347788074,20.218013866236817,0.29910360770597,,,,,,,,,,,,,,,,,,1.2352892665602813,25.90660322973652,,,0,0,4,1,WAVES_N,G12
W176980057700582,176.535590490984,-2.03477063363127,3.26947632772563,0.0771006420254707,10.85083877805422,18.933765797978676,16.86066925679412,15.987621638378728,15.610354704037672,15.35963171756588,19.802887306363974,0.266030563157109,,,,,,,,,,,,,,,,,,1.25031455275645,13.07790531090252,,,1,0,8,1,WAVES_N,G12
W176980877904594,175.851727603214,-1.70053515689207,2.78284858705512,0.0450000017881393,9.653005473272747,19.70721933777781,18.197002801239258,17.433395673322472,17.140334932611218,17.288504366482428,20.898718241569316,0.484714349783796,,,,,,,,,,,,,,,,,,1.0566678686280395,11.13139434822048,,,0,0,4,1,WAVES_N,G12
W176980483803477,176.180293707016,-1.79361355529748,2.66708983221145,0.0438299998641014,8.84597567507534,19.67281754312565,18.625926516613355,18.27529712953664,18.12460567364596,18.05509242375611,21.648360029910137,0.1131728538605619,,,,,,,,,,,,,,,,,,0.5013208429673952,10.6683593288458,,,0,0,8,3,WAVES_N,G12
W176980350403709,176.291508909617,-1.77426662171825,2.62595091851246,0.0253500007092952,8.505059456735513,21.482786812361425,19.563181284027912,18.866944838249857,18.60888528289873,18.468042799165147,22.206252542274186,0.162510755456995,,,,,,,,,,,,,,,,,,0.9542960011291832,10.50380367404984,,,0,0,8,3,WAVES_N,G12
W178970531502092,177.640635699826,-2.90902596947275,8.28559539664638,0.0273000001907348,11.007440256127786,15.36435074520217,13.701185360520608,12.93872148274158,12.661765539422204,12.347818313257548,18.773214774232724,0.233045205923542,,,,,,,,,,,,,,,,,,1.039419821098404,33.14238158658552,,,0,0,4,1,WAVES_N,G12
W178970443404499,177.714111770866,-2.70843853014637,2.18809841823207,0.0920123606920242,10.85103484333282,19.08775871491488,17.3407932824058,16.420671680600076,16.047378808377275,15.779756572154684,19.363880623251696,0.191078066882933,,,,,,,,,,,,,,,,,,1.293414474028527,8.75239367292828,,,0,0,4,1,WAVES_N,G12
W178970597503268,177.585559964248,-2.81103548195628,15.8045675903155,0.0267193596810102,10.648538378040506,15.7757494705217,14.336021765970465,13.669341725657851,13.374849230057483,13.126080737004068,20.90612949805009,0.5474238414516239,,,,,,,,,,,,,,,,,,0.9611725359129776,63.218270361262,,,1,0,8,1,WAVES_N,G12
W178971099109676,177.16720181165,-2.27700442139267,3.56524006789861,0.0850000008940696,10.775695008494464,18.67442218056054,17.073851987193983,16.243810526874107,15.887320122015424,15.645645932420503,20.247129102064086,0.504845290327496,,,,,,,,,,,,,,,,,,1.1865318651785586,14.26096027159444,,,1,0,8,1,WAVES_N,G12
W178970905209283,177.328904105157,-2.30978207800599,2.40006210417694,0.0876000002026557,10.787883014949358,19.233172371654724,17.42907276141278,16.489209969822245,16.124493839985377,15.842989736090386,19.633197050016417,0.238641983223524,,,,,,,,,,,,,,,,,,1.304578921427403,9.60024841670776,,,0,0,4,1,WAVES_N,G12
W178970970207883,177.274674315869,-2.42643963244889,3.03952901270924,0.0860000029206276,10.692178889687773,19.01795366328653,17.40549479893655,16.52688701550614,16.18294162124805,15.925253494440158,20.18379316293605,0.2804860794640029,,,,,,,,,,,,,,,,,,1.2225531776885,12.15811605083696,,,1,0,8,1,WAVES_N,G12
W178970186004429,177.928845128163,-2.71421475204655,2.60551694836485,0.0780000016093254,10.641474927979074,18.93996169543994,17.258439644481072,16.43051044927175,16.062541616842317,15.794230593720776,19.75285464355916,0.268733660332268,,,,,,,,,,,,,,,,,,1.195898027638755,10.4220677934594,,,1,0,8,1,WAVES_N,G12
W178970119805290,177.984043392063,-2.64244720607058,8.90724718847805,0.0128955878317356,9.3638815666867,16.070585420411668,15.032380826699775,14.578788451095573,14.414209337398564,14.23674216002926,20.570380656620287,0.556254185220174,,,,,,,,,,,,,,,,,,0.6181714893012114,35.6289887539122,,,0,0,8,3,WAVES_N,G12
W178970467113478,177.694229302198,-1.96021304838758,4.41194274069525,0.0192696806043386,9.233946214116346,17.519007568161637,16.335000331384997,15.858111831205605,15.676103646330125,15.487649443143969,20.32413585004841,0.3294878603699079,,,,,,,,,,,,,,,,,,0.6588966850548736,17.647770962781,,,0,0,8,3,WAVES_N,G12
W178971128705120,177.142413300301,-2.65665627629419,6.85912186789899,0.0593999996781349,10.133176501992084,18.07177784955464,16.84958637660828,16.307557946975976,16.058156867910853,15.940301467788556,21.731775224492203,0.314893023566931,,,,,,,,,,,,,,,,,,0.7914295086974263,27.43648747159596,,,0,0,4,1,WAVES_N,G12
W177970192606408,176.923286092245,-2.5493055091641,1.68568075277886,0.0285999998450279,9.863281026680998,18.597798005181225,16.91796247183468,16.140429764766843,15.785612285829457,15.550675455411993,18.517181086692165,0.0313622140823039,,,,,,,,,,,,,,,,,,1.132350186005226,6.74272301111544,,,0,0,4,1,WAVES_N,G12
W177971075411839,176.18700962377,-2.09676706508518,2.63935163857848,0.0595000013709068,10.14862212352319,17.661153068049785,16.48663006138927,16.070777683889474,15.814223661735396,15.710391514583169,19.42113863942453,0.0231091177311999,,,,,,,,,,,,,,,,,,0.6724063996538732,10.55740655431392,,,0,0,4,1,WAVES_N,G12
W177970740501674,176.466248140749,-2.94386561038061,3.99285910448314,0.057745449244976,10.457608439784805,18.560043603660983,16.888043261279556,16.122487255651073,15.766771574417032,15.539806148404,20.371781865236272,0.441209139803569,,,,,,,,,,,,,,,,,,1.1212716868625243,15.97143641793256,,,0,0,4,1,WAVES_N,G12
W177970438209699,176.718377738142,-2.27510964683362,4.7870928954206,0.0518999993801116,10.661853091494446,18.337719773552315,16.532467910727306,15.688983154015368,15.27381086916002,15.027735959133643,20.332217111845544,0.613702229576201,,,,,,,,,,,,,,,,,,1.258657041567286,19.1483715816824,,,1,0,8,1,WAVES_N,G12
W177970848005528,176.37657952538,-2.62270206938309,2.31167051288619,0.0516917705535888,9.92442263290564,17.874645013415254,16.64608862806599,16.23778567085519,16.01172622033133,15.962338439995394,19.300290018995888,0.204502110135648,,,,,,,,,,,,,,,,,,0.6343624077346597,9.24668205154476,,,0,0,4,1,WAVES_N,G12
W177970201306694,176.916021745895,-2.52547517643947,2.89862119310914,0.0281000006943941,9.590338280835756,18.85488226655268,17.21505734158012,16.526422034081687,16.208377501682158,15.999803587779212,20.080254031826755,0.296631125131795,,,,,,,,,,,,,,,,,,1.0066798398979628,11.59448477243656,,,0,0,4,1,WAVES_N,G12
W177970849809408,176.375108737586,-2.29937036321921,2.00937747346226,0.0588000006973743,9.721445447247891,18.917263346040137,17.664336440635545,17.21211703468715,16.943064298799023,16.873697903224013,19.97029936244027,0.422306048730831,,,,,,,,,,,,,,,,,,0.721272141836522,8.03750989384904,,,0,0,4,1,WAVES_N,G12
W177971005608242,176.245154194842,-2.39651810043627,5.48954269279745,0.0273789390921592,9.803099158162274,16.800951009511536,15.638322059661997,15.212863739286998,14.989250967091266,14.872493585932643,20.15341925596239,0.356743138080408,,,,,,,,,,,,,,,,,,0.649071092570729,21.9581707711898,,,0,0,4,1,WAVES_N,G12
W177970546106355,176.628418937186,-2.55378524477554,1.59541736227939,0.0454000011086463,9.718200300835369,19.097808347649423,17.79338942401698,17.15623129604007,16.830680718216634,16.664755414768827,19.413477547732622,0.183341339010439,,,,,,,,,,,,,,,,,,0.9627087058003454,6.38166944911756,,,0,0,4,1,WAVES_N,G12
W177970346210911,176.795080037557,-2.17409970855635,4.47781372672579,0.0588531009852886,10.272818746768968,17.67062630756223,16.474722812382307,15.991927556484953,15.685599501532648,15.593620582175266,20.490132354893447,0.497240318993428,,,,,,,,,,,,,,,,,,0.7891233108496589,17.91125490690316,,,0,0,4,1,WAVES_N,G12
W177971279806299,176.016404674797,-2.55836730343542,10.4709684255441,0.044088389724493,10.393734939187976,16.903830533937366,15.577945032704722,15.044645552360551,14.783564347352282,14.65092435792516,21.38745448414254,0.259246840448641,,,,,,,,,,,,,,,,,,0.79438068535244,41.8838737021764,,,0,0,4,1,WAVES_N,G12
W177971003907717,176.246563623005,-2.44026784432283,6.45695468237891,0.0467000417411327,9.707775902114015,17.98927901732433,16.798255601335082,16.440860844857543,16.227238541370305,16.13350075320433,21.733874218369763,0.577641315959759,,,,,,,,,,,,,,,,,,0.5710170599647775,25.82781872951564,,,0,1,8,1,WAVES_N,G12
W177970910206518,176.324703336892,-2.54019645342317,2.8312394504412,0.0438000001013278,9.36295202600073,19.774207913452248,18.299636845404308,17.728908433337075,17.447790107177862,17.321953255622642,21.231666120689248,0.2560700233038609,,,,,,,,,,,,,,,,,,0.8518467382264454,11.3249578017648,,,0,0,8,3,WAVES_N,G12
W177970361404309,176.782523187437,-2.72425745123654,2.3752206015935,0.0443800017237663,8.618609996504563,20.541019612542502,19.39877288041672,19.01306563618474,18.832975869008727,18.75304103546296,22.134460075315165,0.616593204470664,,,,,,,,,,,,,,,,,,0.5657970114079944,9.500882406374,,,0,1,8,3,WAVES_N,G12
W177970845105946,176.379001921632,-2.58786916829254,3.47122944643015,0.0443699993193149,8.990170609687103,20.543620618406194,19.133687556616454,18.619777128418093,18.32722404837218,18.291681006317223,22.565068416432005,0.414690067716564,,,,,,,,,,,,,,,,,,0.8064635082442777,13.8849177857206,,,0,0,8,3,WAVES_N,G12
W177980942902332,176.79752046847,-1.88902390068964,3.45847917449639,0.0948628187179565,11.124705102236518,18.72405199192696,16.731510424645045,15.820586617639773,15.4334141924618,15.164614442692686,19.757887123796543,0.0770196692992369,,,,,,,,,,,,,,,,,,1.2980962321832443,13.83391669798556,,,0,0,4,1,WAVES_N,G12
W177980448200614,177.209997082221,-2.03217938951042,24.3711098070833,0.0056839319877326,8.836810759456414,15.317093694966454,14.301383335982669,13.89768106536568,13.783326500125668,13.697334626337842,22.07493227938448,0.578933682897296,,,,,,,,,,,,,,,,,,0.5180568358569992,97.4844392283332,,,0,1,8,3,WAVES_N,G12
W175000082500613,174.514589038217,-0.0322750519278673,1.83775455311884,0.0971999987959861,11.420453575431798,20.496260488308213,20.206684540006812,17.7885712991186,17.388935675380502,17.070978126350887,20.352883517888504,0.421926225660323,,,,,,,,,,,,,,,,,,2.8177488646263136,7.35101821247536,,,0,0,4,1,WAVES_N,G12
W175000188700466,174.426098029237,-0.044524040717954,5.4017866861233,0.0271099992096424,8.93761327877392,17.49114310761243,16.63747967183659,16.466974335410832,16.401713292178254,16.500424346291297,21.3725361677281,0.624657247637797,,,,,,,,,,,,,,,,,,0.2357663796583367,21.6071467444932,,,0,1,8,1,WAVES_N,G12
W175990820601108,174.899530430042,-0.991028121540889,2.08767585395743,0.0764999985694885,10.621101689231043,19.31629135863968,17.40371234108452,16.521658427069127,16.158920476160844,15.85872490390172,19.362848449790214,0.23284754237702,,,,,,,,,,,,,,,,,,1.2447918649236769,8.35070341582972,,,1,0,8,1,WAVES_N,G12
W175980839611786,174.883689827908,-1.10121250450783,4.42248855422984,0.0794000029563903,10.89097007330528,18.494805617294244,16.705677944598367,15.85120521279848,15.4972839819973,15.197125617609425,20.32241348249773,0.5116143999660521,,,,,,,,,,,,,,,,,,1.2083939626010682,17.68995421691936,,,1,0,8,1,WAVES_N,G12
W174990580007039,174.100045325525,-0.49679090936511,4.38378999070042,0.0223999992012977,8.376702299609493,18.636616033708115,17.792892620754024,17.57593932958116,17.49829951796191,17.451311702995824,22.028062714901782,0.582918515092832,,,,,,,,,,,,,,,,,,0.2945931027921133,17.53515996280168,,,0,1,8,1,WAVES_N,G12
W174990231503219,174.39048589814,-0.815102894890024,4.46093498154611,0.0439999997615814,9.782786940310777,19.257401560748377,17.784792661040974,17.13262331081564,16.742717377696756,16.482937545912854,21.622627459620382,0.672425163424207,,,,,,,,,,,,,,,,,,1.042075283344218,17.84373992618444,,,0,0,4,1,WAVES_N,G12
W184000080200164,183.516502524146,-0.0696867273470616,4.89523813006746,0.020637609064579,9.971032649933427,17.242327902552972,15.515332031631788,14.81968052221468,14.540179689478204,14.28212706155286,19.511424319026617,0.567818891255012,,,,,,,,,,,,,,,,,,0.9751523421535832,19.58095252026984,,,0,0,4,1,WAVES_N,G12
W183990446902957,183.210976240732,-0.836948775429758,2.77059737717301,0.0349817983806133,10.300780934642852,17.838254011758796,16.122334147637233,15.34843456232356,15.037290902534869,14.773645109491516,18.804176337826565,0.117802972252213,,,,,,,,,,,,,,,,,,1.085043245102364,11.08238950869204,,,0,0,4,1,WAVES_N,G12
W183990075502271,183.520495079321,-0.894081896284429,2.9672390737691,0.0814547687768936,11.036724750268498,18.5256218692266,16.596160039364626,15.680028628432932,15.314106600195496,14.961716853207832,19.28466600676055,0.106867753778983,,,,,,,,,,,,,,,,,,1.2820534391691307,11.8689562950764,,,0,0,4,1,WAVES_N,G12
W183990148010122,183.460031071674,-0.239869055417968,2.45566705157436,0.0816999971866607,10.840275794757105,19.11084987116291,17.126923422112483,16.22141806663357,15.83268388433192,15.54013393884049,19.41514016440732,0.0875418264372439,,,,,,,,,,,,,,,,,,1.2942395377805624,9.82266820629744,,,0,0,4,1,WAVES_N,G12
W183990530806709,183.141047274248,-0.524290076654827,4.08570935079501,0.0718000009655952,10.899045814593585,18.93533071628135,16.855856575797716,15.908431022956815,15.509991201859258,15.22411049301116,20.20764304745725,0.460681948896377,,,,,,,,,,,,,,,,,,1.3458653739384587,16.34283740318004,,,0,0,4,1,WAVES_N,G12
W183991033708023,182.721953537233,-0.414786845507608,5.31691716288507,0.0952999964356422,11.005471726894497,19.430913096331253,17.01702096776568,16.122010008205937,15.726917513839965,15.52655164087307,20.993184160421173,0.529811775078216,,,,,,,,,,,,,,,,,,1.2901034539257168,21.26766865154028,,,0,0,4,1,WAVES_N,G12
W183990037607593,183.552041452782,-0.450604097016376,1.60755770590756,0.0362259298563003,8.838187921802954,19.232759520797583,18.22275574661813,17.86702485343732,17.727714790769134,17.613353502312975,20.14073239309925,0.201621252118506,,,,,,,,,,,,,,,,,,0.4950409558489994,6.43023082363024,,,0,0,4,1,WAVES_N,G12
W183990173802985,183.438572153252,-0.834596748079909,2.99486920137948,0.0507876388728618,9.752507420820669,18.46989309121537,17.3773813211137,16.886179240648467,16.620186217364253,16.4456555172451,20.51094322068562,0.4430022381973539,,,,,,,,,,,,,,,,,,0.7571951037494458,11.97947680551792,,,0,0,4,1,WAVES_N,G12
W183990683405728,183.01387575218,-0.606041527818663,6.88726261885526,0.0351924784481525,9.569797882660067,16.7695820099523,15.875611278757146,15.628977650525016,15.545722830795077,15.498514304879286,21.06208554938323,0.249575550821149,,,,,,,,,,,,,,,,,,0.3298884479620696,27.54905047542104,,,0,0,4,1,WAVES_N,G12
W182990376006183,182.270052751801,-0.568118657791858,2.53995015358089,0.0628835037350654,10.800203578873155,18.540409992987914,16.595492592475924,15.688750707224644,15.334080299995918,15.092949024945485,18.955751357419548,0.130470153664024,,,,,,,,,,,,,,,,,,1.2614122924800064,10.15980061432356,,,1,0,8,1,WAVES_N,G12
W182990030407761,182.558039883194,-0.43660431758623,3.52472805550645,0.0820000022649765,10.723365177525476,18.919956449193613,17.17096092567762,16.323371341529395,15.969846380142702,15.733235743650344,20.30187410004526,0.1052933103522649,,,,,,,,,,,,,,,,,,1.2011145455349173,14.0989122220258,,,1,0,8,1,WAVES_N,G12
W182990245107762,182.379130238348,-0.436532135893015,5.32921325959089,0.0785999968647956,10.740148710981584,17.842319821189285,16.45653589145233,15.77490171766509,15.46845320605859,15.299390667729275,20.65109189834412,0.0811431199868569,,,,,,,,,,,,,,,,,,0.9880826853937386,21.31685303836356,,,1,0,8,1,WAVES_N,G12
W182990463800544,182.196897857525,-1.03801972405647,3.25046778655768,0.0505999997258186,9.875050758626566,18.289879879448307,16.90640962688299,16.42392126087283,16.20607033550971,16.09960046754856,20.226525274427875,0.0308430886735979,,,,,,,,,,,,,,,,,,0.7003392913732789,13.00187114623072,,,0,0,4,1,WAVES_N,G12
W182990298902653,182.334319050193,-0.862272161504935,1.75704322500908,0.0598400011658668,9.60393639820679,21.047908364972717,19.095797042995187,18.272213010872285,17.97486488814632,17.74136418910599,20.738999921119984,0.0844437312873229,,,,,,,,,,,,,,,,,,1.120932154848866,7.02817290003632,,,0,0,4,1,WAVES_N,G12
W182990127200522,182.477421387103,-1.03982293168155,4.39949845528193,0.0593999996781349,9.821912160642968,19.37146059260553,17.833276357351764,17.224458885176738,16.967236907650864,16.749189705987597,21.68434941466268,0.5612847527824729,,,,,,,,,,,,,,,,,,0.8660394497008994,17.59799382112772,,,0,0,4,1,WAVES_N,G12
W183991199805845,182.583527035376,-0.596275824442924,3.64899518488671,0.0348899997770786,8.633117646770435,20.43013189175461,19.166651039633457,18.65425512994968,18.486592113001592,18.33918879163118,22.707996263095115,0.4368932008162189,,,,,,,,,,,,,,,,,,0.6800589266318653,14.59598073954684,,,0,0,8,3,WAVES_N,G12
W183990688006289,183.010042139624,-0.559291636911953,4.99531396462913,0.0365700013935565,8.636448882203574,19.86211285263586,18.94839178575115,18.532172861489485,18.380554669858498,18.343732014394696,23.26786149134097,0.323642874036871,,,,,,,,,,,,,,,,,,0.567837115892651,19.98125585851652,,,0,0,8,3,WAVES_N,G12
W183981139009230,182.634118984457,-1.31418219807874,3.87512039824632,0.034400001168251,10.518822614037282,17.77329093689552,15.77723175079843,14.940852585681537,14.606927514325692,14.342188798686234,19.125153269346853,0.33825091586267,,,,,,,,,,,,,,,,,,1.170304236472738,15.50048159298528,,,1,0,8,1,WAVES_N,G12
W183980735910366,182.970118591924,-1.21954374078225,3.51351676757823,0.0631999969482421,10.74372737330452,18.336504963666727,16.580955965209178,15.707137179321062,15.379899370060963,15.103087030343127,19.67872201337879,0.176256486583186,,,,,,,,,,,,,,,,,,1.2010565951482128,14.05406707031292,,,1,0,8,1,WAVES_N,G12
W183980019911370,183.566873121328,-1.13582432290745,2.45805880472289,0.0996794998645782,10.968340010868898,19.372889818096937,17.396763523215697,16.434911428108034,16.03519676920991,15.682480780791517,19.630747451865638,0.125442958443695,,,,,,,,,,,,,,,,,,1.3615667540057856,9.83223521889156,,,0,0,4,1,WAVES_N,G12
W183981061510376,182.698729922569,-1.21869375082572,1.94524976124768,0.0346199981868267,8.753524791780722,19.6174299311944,18.445231627222007,18.036650023580307,17.911293305172716,17.793006667662524,20.7244015587344,0.399001890163734,,,,,,,,,,,,,,,,,,0.5339383220492913,7.78099904499072,,,0,0,8,3,WAVES_N,G12
W182980021301826,182.565912019594,-1.93110606460142,3.36351650368601,0.0997999981045723,10.98138739862691,18.92786008437012,17.12778450121649,16.176139601173837,15.853375300395497,15.551837921141034,20.05298209774117,0.193592648180624,,,,,,,,,,,,,,,,,,1.274409200820994,13.45406601474404,,,0,0,4,1,WAVES_N,G12
W184970548501922,183.626452558094,-2.92319353006422,2.09728357748351,0.0194000005722045,9.288471332714638,17.082484815127877,16.214988556209303,15.719762603313535,15.55543683973369,15.380881624640974,18.57092306591594,0.0610000080867679,,,,,,,,,,,,,,,,,,0.6595517164756117,8.38913430993404,,,0,0,8,3,WAVES_N,G12
W184970246801825,183.878186973294,-2.93121977737757,2.97519265093392,0.0447000004351139,9.476820689760595,18.79425643147396,17.646147451053913,17.1918169197128,16.943520124061138,16.84896838945141,20.802267064424164,0.530626066249819,,,,,,,,,,,,,,,,,,0.7026273269927756,11.90077060373568,,,0,0,8,3,WAVES_N,G12
W184971111303750,183.156898452841,-2.77082337892325,1.59366394978569,0.0379500016570091,9.015020142625598,20.347848063132545,18.993300462056794,18.39984999939385,18.095167631857343,18.19852548732001,20.654708424083168,0.0549817344430749,,,,,,,,,,,,,,,,,,0.8981328301994509,6.37465579914276,,,0,0,8,3,WAVES_N,G12
W184971141004922,183.132148095606,-2.67315279190283,2.49994880171329,0.0374299995601177,8.949243382975512,20.271968768077716,18.73814680870857,18.205143690146723,17.981281172147597,17.74820555393179,21.43767394452008,0.341870156802011,,,,,,,,,,,,,,,,,,0.756865636560974,9.99979520685316,,,0,0,8,3,WAVES_N,G12
W184970268607800,183.859861194255,-2.43332709201418,4.36296133846522,0.0178264807909727,8.57242209880332,18.859866624804773,17.800312068126537,17.342699970857215,17.149034325964713,17.013495599221464,21.784481475530765,0.555488002777728,,,,,,,,,,,,,,,,,,0.6512777421618239,17.45184535386088,,,0,0,8,3,WAVES_N,G12
W184970086612427,184.011505497644,-2.0477195216618,3.23679699522892,0.0394800007343292,9.20111560878208,19.31221762955442,18.12605137451578,17.60962979183885,17.403844984505906,17.260330180197606,21.403081784895758,0.308782115245342,,,,,,,,,,,,,,,,,,0.7222063900098732,12.94718798091568,,,0,0,8,3,WAVES_N,G12
W184970815510931,183.403724131089,-2.1724588372849,5.76440614155541,0.0192058403044939,8.843367299426594,18.15900263080727,17.09621686073826,16.70042491777445,16.512460483956442,16.383802562763147,21.747072460586025,0.383021892031154,,,,,,,,,,,,,,,,,,0.5837563767818175,23.05762456622164,,,0,0,8,3,WAVES_N,G12
W184971004602606,183.245897305194,-2.86617520665353,6.162654581223,0.0346000008285045,9.09140063502854,18.686246308634978,17.590088171220312,17.21096842020858,17.059486390427722,16.94652759334463,22.402682232279208,0.4348461929395659,,,,,,,,,,,,,,,,,,0.5306017807925905,24.650618324892,,,0,0,8,3,WAVES_N,G12
W184970503408827,183.664011650047,-2.34778241640487,1.60403132307952,0.0254800003021955,8.227743568079422,21.094269214986383,20.081217231549225,19.539856160318298,19.19420950922448,18.90397601830574,21.80879506612032,0.3501704967974369,,,,,,,,,,,,,,,,,,0.8870077223247463,6.41612529231808,,,0,0,8,3,WAVES_N,G12
W184970833901981,183.388316611607,-2.91827870100122,4.17849205806716,0.0379999987781047,8.904944898098966,19.490861685332167,18.424610699156283,18.037658954822803,17.83295912960644,17.75747354920877,22.38563154182642,0.3413181190596039,,,,,,,,,,,,,,,,,,0.5916515695498425,16.71396823226864,,,0,0,8,3,WAVES_N,G12
W183970788306955,182.42638809909,-2.50378960286925,4.52419291132901,0.037216480821371,9.706311862986787,17.74020549108956,16.524107173363156,16.08451079822476,15.879156009821369,15.736306721310456,20.605091054661607,0.5957022573273161,,,,,,,,,,,,,,,,,,0.644951163541787,18.09677164531604,,,0,0,4,1,WAVES_N,G12
W183970774910266,182.437578545093,-2.2278757253019,2.97850981013534,0.0258126202970743,8.948044053697899,18.669750709061475,17.517569053215887,17.128280363498575,16.91630020629627,16.80275170819813,20.741150219465688,0.219211710715018,,,,,,,,,,,,,,,,,,0.6012688469196164,11.91403924054136,,,0,0,8,3,WAVES_N,G12
W183970123511156,182.980777902024,-2.1536367985685,1.66361879520601,0.0194899998605251,8.251574640528444,19.70184994800405,18.615582271534816,18.20131168974289,18.02882572275517,17.864321317676744,20.549455462907805,0.137974507207234,,,,,,,,,,,,,,,,,,0.5867565487796469,6.65447518082404,,,0,0,8,3,WAVES_N,G12
W183970165907232,182.94553353398,-2.48063342813383,8.90943666915718,0.025510000064969,9.155562380403111,18.458360701434454,17.28430381707269,16.82669744228901,16.570718370565633,16.423594373191897,22.818823349477608,0.801073178833472,,,,,,,,,,,,,,,,,,0.7135854465070572,35.63774667662872,,,0,0,8,3,WAVES_N,G12
W183970577812490,182.601936412616,-2.04254815688969,5.46035487146556,0.0344999991357326,9.115398882261005,19.2484955342206,18.0237891441433,17.557712592328834,17.312327164382722,17.159463106626724,22.486691617359867,0.482810093948839,,,,,,,,,,,,,,,,,,0.7114619797605783,21.84141948586224,,,0,0,8,3,WAVES_N,G12
W183970627508247,182.560511118798,-2.39612377906187,7.08578768844721,0.025280000641942,8.65149096904179,18.90954269210475,17.82387954593556,17.53059791564606,17.363690450576776,17.2713834717877,23.02541327448461,0.421791612019645,,,,,,,,,,,,,,,,,,0.4601890953587855,28.34315075378884,,,0,0,4,1,WAVES_N,G12
W184990899208224,183.834038388705,-0.398040104527261,7.77005621330761,0.0207861308008432,9.281512137863524,18.06283065990837,16.8146795965528,16.23613990731137,15.998377812719742,15.753698771966466,21.931135392858863,0.8009704396612061,,,,,,,,,,,,,,,,,,0.8163017838330582,31.08022485323044,,,0,0,8,3,WAVES_N,G12
W184990550701311,184.124471865465,-0.974111880103876,2.32489546298728,0.0403300002217292,8.837082368873519,21.331710998672545,19.63850533296776,18.94158658051427,18.714564703068223,18.513886483784116,22.01647841210324,0.484631774155821,,,,,,,,,,,,,,,,,,0.923940629899537,9.29958185194912,,,0,0,8,3,WAVES_N,G12
W184981075902872,183.686638152936,-1.84400997142875,2.31730463340501,0.0181799996644258,8.243549333546683,20.311875584190894,19.04136437629026,18.47788786554272,18.25411015189713,18.11096104522588,21.54567819726005,0.0976952395192729,,,,,,,,,,,,,,,,,,0.7872542243931306,9.26921853362004,,,0,0,8,3,WAVES_N,G12
W184980894505267,183.837892516557,-1.64445144891824,4.2334795593464,0.0398200005292892,8.934591883130407,19.535039908655087,18.28423901344228,17.91591207208677,17.752603168813877,17.636726047675253,22.29227408979156,0.293341601484956,,,,,,,,,,,,,,,,,,0.5316358446284006,16.9339182373856,,,0,0,8,3,WAVES_N,G12
W182020488900722,180.676055218877,1.97679688420955,18.1075190837255,0.00654166797176,10.348231605172208,14.010766298036655,12.443603455521016,11.68728834432392,11.34283677488936,11.002267328811492,19.21945778396432,0.283118056599461,,,,,,,,,,,,,,,,,,1.100766680631656,72.430076334902,,,0,0,4,1,WAVES_N,G12
W182020112600532,180.98979491919,1.96090264116538,3.84655328619066,0.0185021292418241,9.291821480921303,18.61853830406513,17.105351373459982,16.401052734657807,16.084530982795677,16.107373188341263,20.569286181814388,0.178326525100583,,,,,,,,,,,,,,,,,,1.020820390664305,15.38621314476264,,,0,0,8,3,WAVES_N,G12
W182000910012040,180.825024356156,0.919946523849107,3.02979794055704,0.0785000026226043,10.788103292085502,18.740136622322005,16.995130341657894,16.10176889322445,15.766443276124138,15.453230927602306,19.75171190521521,0.120714668771944,,,,,,,,,,,,,,,,,,1.228687065533757,12.11919176222816,,,1,0,8,1,WAVES_N,G12
W182000223513949,181.39716878926,1.07899603645099,3.2281360926885,0.0776999965310096,10.8202859761495,19.02184941806199,17.039705000271802,16.15287461871902,15.75784052571378,15.49740003290484,19.940508478191752,0.277296137034168,,,,,,,,,,,,,,,,,,1.281864474558022,12.912544370754,,,0,0,4,1,WAVES_N,G12
W182000245611382,181.378738300626,0.865101159657421,1.77710035770511,0.049100000411272,9.60031519595304,19.32323018481263,18.12526598882402,17.491660082742115,17.20902515577802,17.062654607776963,19.983094535937404,0.192366005714463,,,,,,,,,,,,,,,,,,0.9162408330460003,7.10840143082044,,,0,0,4,1,WAVES_N,G12
W182000758211205,180.95153724672,0.850370328450714,4.90922685583008,0.0493000000715255,10.115167861996095,18.267643904854594,16.970646929597503,16.322647518313396,16.00947415858379,15.829368328540015,21.02058770680882,0.626034312392895,,,,,,,,,,,,,,,,,,0.9611727710137146,19.63690742332032,,,0,0,4,1,WAVES_N,G12
W182000637410632,181.052212713562,0.802621852672493,3.82217148761264,0.0097000002861022,8.248518017479173,18.036060407481266,16.959797630626817,16.57950253016171,16.430419711098192,16.321532872026395,20.73392805413293,0.272647215429199,,,,,,,,,,,,,,,,,,0.5293779195286241,15.28868595045056,,,0,0,8,3,WAVES_N,G12
W181010201510582,180.415650155247,1.7984083412719,4.59950612149638,0.0776999965310096,10.803639252214866,17.95218702147554,16.498117553656776,15.800220144245436,15.428481429927237,15.286905315700675,20.356650831971297,0.2084604160673979,,,,,,,,,,,,,,,,,,1.0696361237295395,18.39802448598552,,,1,0,8,1,WAVES_N,G12
W181010071708006,180.523809960934,1.58372545446771,2.05099184094073,0.0178900007158517,8.115413906739708,21.15092221129364,19.614477698402013,18.976955321977314,18.72348570019187,18.58218031541944,21.77964966722813,0.370530120883942,,,,,,,,,,,,,,,,,,0.8909919982101435,8.20396736376292,,,0,0,8,3,WAVES_N,G12
W182010502910231,181.164367756989,1.76919907683948,5.5577005421263,0.0777999982237815,10.611677777110812,17.609118314043855,16.27708511919306,15.726462256487167,15.463489950680678,15.304864080560922,20.693812651143755,0.250026702102229,,,,,,,,,,,,,,,,,,0.8135951685123821,22.2308021685052,,,0,0,4,1,WAVES_N,G12
W182010539905545,181.133496440023,1.37870477368321,3.65319850895029,0.0483999997377395,9.75169367240353,17.52656375715908,16.45594753556809,16.17997431571031,15.996647790254782,15.987858699608276,20.236215356040656,0.346887919708721,,,,,,,,,,,,,,,,,,0.4592997453133076,14.61279403580116,,,0,0,4,1,WAVES_N,G12
W182010901409076,180.832138026823,1.67295063222675,2.49825323225094,0.0474000014364719,9.90660072399915,19.48603898233366,17.796848246635385,17.027837909979635,16.695170870966045,16.487539727127015,20.25889488159165,0.0751753942786209,,,,,,,,,,,,,,,,,,1.1016773756693397,9.99301292900376,,,0,0,4,1,WAVES_N,G12
W182010049907465,181.541970811976,1.53863952232037,1.87178635671664,0.0207700002938509,8.368286969743677,20.61005320268961,19.160960778515538,18.568390050486624,18.32122549696429,18.15630248078471,21.17254611931256,0.239645876112781,,,,,,,,,,,,,,,,,,0.8397352815512491,7.48714542686656,,,0,0,8,3,WAVES_N,G12
W182010935811283,180.803443034195,1.85685946610564,6.49165411718951,0.033500000834465,8.816729882064253,18.93354828064952,17.89531848257828,17.693861514782725,17.477775570606912,17.511918564014316,22.998513056819437,0.587555977143171,,,,,,,,,,,,,,,,,,0.4175429119713669,25.96661646875804,,,0,1,8,1,WAVES_N,G12
W182010634509292,181.054648477849,1.69095685758142,3.65172454833791,0.0211599990725517,8.61633533044621,20.740640467753465,18.912368171373227,18.298457906360525,17.952865161560474,17.88700238560041,22.35382264318409,0.067842171180242,,,,,,,,,,,,,,,,,,0.959503009812753,14.60689819335164,,,0,0,8,3,WAVES_N,G12
W182011107410979,180.660377818818,1.83150581230435,4.63753339946442,0.0181399993598461,8.321164219186068,20.620861271111536,19.04611189678737,18.398580466925328,18.185380638179872,18.01557667853072,22.97289040075285,0.3505064568770389,,,,,,,,,,,,,,,,,,0.8607312586074976,18.55013359785768,,,0,0,8,3,WAVES_N,G12
W182011009603708,180.741987338969,1.22561467414768,3.08916107674687,0.0196899995207786,8.263661907771926,20.974287656725387,19.35167480420941,18.751570920938,18.496124427220288,18.335611751648003,22.443648373249037,0.180121144182775,,,,,,,,,,,,,,,,,,0.8555503769891217,12.35664430698748,,,0,0,8,3,WAVES_N,G12
W182010809806431,180.90851237755,1.45253982658235,3.67142920296668,0.0196100007742643,8.268618479998926,20.13400154614072,18.984078743938795,18.422830219565903,18.25363597893293,18.08161493485517,22.48988069141064,0.160118049477131,,,,,,,,,,,,,,,,,,0.7304427650058614,14.68571681186672,,,0,0,8,3,WAVES_N,G12
W183000037705612,182.551952548426,0.384273993077178,2.28741703589625,0.0364000014960765,10.19284507435664,18.171794874661465,16.421800616714965,15.638178607212826,15.356587581541168,15.136587420324704,18.677780045250728,0.061096478108002,,,,,,,,,,,,,,,,,,1.0652130351737965,9.149668143585,,,0,0,4,1,WAVES_N,G12
W183000557502964,182.118789933747,0.163628512845715,1.5268049546819,0.0351000018417835,9.1041225525975,18.11232747178185,17.168782966105574,16.88658178726201,16.790190297301216,16.70779491849457,19.048374272106248,0.0656667415708559,,,,,,,,,,,,,,,,,,0.3785926688043588,6.1072198187276,,,0,0,4,1,WAVES_N,G12
W184000839602582,182.883710586656,0.131796463986658,2.83429087248381,0.0794999971985817,11.042373571285504,18.5007892631115,16.548673848527052,15.594865466215392,15.260597832214364,14.99113713238778,19.09996223889174,0.245248177334469,,,,,,,,,,,,,,,,,,1.2880760163126883,11.33716348993524,,,0,0,4,1,WAVES_N,G12
W183010697605342,182.002042237535,1.36179193386356,4.13890801339563,0.0199299994856119,8.222486927974526,19.557270416495925,18.59032453832866,18.2317564033342,18.05627729969764,17.95744810523957,22.55905995696387,0.637681653264785,,,,,,,,,,,,,,,,,,0.5340472386310182,16.55563205358252,,,0,1,8,3,WAVES_N,G12
W176000038005010,175.551698351302,0.334109974379878,4.78266330035846,0.0167999994009733,9.416645066499845,15.15022929628326,14.611737033471949,14.28546511628778,14.30352383324237,14.2342524568391,18.92668883604022,0.661090262280729,,,,,,,,,,,,,,,,,,0.3082132002295772,19.13065320143384,,,0,1,8,1,WAVES_N,G12
W176000455408470,175.203885705522,0.622454206164265,4.26757412716881,0.0921000018715858,10.868283720245604,18.68476262087435,16.96673279126847,16.16889354636656,15.794685640426115,15.539301124324831,20.56267359553696,0.480831881279293,,,,,,,,,,,,,,,,,,1.172047150842355,17.07029650867524,,,1,0,8,1,WAVES_N,G12
W176000289202531,175.342364539688,0.127544635962079,8.84978016694046,0.017400000244379,8.745707022456955,17.734247292214018,16.77163203488638,16.440879999423874,16.31650900860599,16.26962883393565,22.418417094834503,0.355829952958574,,,,,,,,,,,,,,,,,,0.4551230262803898,35.39912066776184,,,0,0,4,1,WAVES_N,G12
W221990044410325,221.546356189194,-0.222950355680338,27.9458939012359,0.005460443906486,10.36139631188582,13.838942428821898,12.13717678000614,11.361844855602463,10.994097932286785,10.722683494069178,19.836309566779853,0.4521498590596999,,,,,,,,,,,,,,,,,,1.1430788477193552,111.7835756049436,,,0,0,4,1,WAVES_N,G15
W223000213900004,222.405097701101,-0.0830194680155438,2.03709276745838,0.0439300015568733,8.863798656546102,21.90481303448646,20.28739925910541,19.596213482158756,19.16979079500996,19.021604158125854,22.38414219813868,0.498261793827103,,,,,,,,,,,,,,,,,,1.1176084640954471,8.14837106983352,,,0,0,8,3,WAVES_N,G15
W223990911507543,222.823786725896,-0.454789525268942,1.63183921692029,0.0433299988508224,9.471902872733704,20.21096873279898,18.674080442597614,17.901098765230433,17.579656174671925,17.386672618121665,20.2073602771304,0.2698798471470109,,,,,,,,,,,,,,,,,,1.0944242679256888,6.52735686768116,,,0,0,8,3,WAVES_N,G15
W223990600210291,223.083207968061,-0.225793522048361,5.11940167265417,0.0444629117846488,9.732332987010327,18.204329935673396,17.037457956519027,16.527190549235428,16.319847503533396,16.15876761370156,21.31616126099737,0.282811489080613,,,,,,,,,,,,,,,,,,0.7176104529856318,20.47760669061668,,,0,0,4,1,WAVES_N,G15
W223990914606689,222.821201398703,-0.525955770734235,2.30951908717459,0.0430199988186359,8.858598247982505,20.577890000417007,19.32714658078316,18.720319870064948,18.546052654320384,18.394926420089437,21.78080233106588,0.2645354640048269,,,,,,,,,,,,,,,,,,0.7810939264627734,9.23807634869836,,,0,0,8,3,WAVES_N,G15
W223991071011806,222.690885082769,-0.0995467385858908,1.88618563891997,0.0424299985170364,8.921764248180116,21.36123673331808,19.797476840582007,19.08780468559929,18.77823486684481,18.579676436035207,21.708601536782908,0.2642783764426369,,,,,,,,,,,,,,,,,,1.019241973737195,7.54474255567988,,,0,0,8,3,WAVES_N,G15
W223990727009442,222.977541508612,-0.296542499064304,1.85893543617256,0.0437799990177154,8.810454053211338,20.890264212924382,19.683539958932684,19.039595960560668,18.830380008555142,18.62418951449344,21.62879217372431,0.4121391140309409,,,,,,,,,,,,,,,,,,0.8531599503775418,7.43574174469024,,,0,0,8,3,WAVES_N,G15
W223990790703862,222.924452491092,-0.761539188181154,1.76619485158015,0.0438200011849403,8.680137346118595,20.91083776463357,19.62519760444121,19.075966277868105,18.911895401126245,18.77843686502051,21.554034031966214,0.261158232183718,,,,,,,,,,,,,,,,,,0.7133022033149672,7.0647794063206,,,0,0,8,3,WAVES_N,G15
W223991169411851,222.608890260909,-0.0957961403310354,2.29912147143657,0.0433899983763694,8.737198767715766,20.30204923355739,19.14221719043803,18.728290521573875,18.54462503695718,18.354562991172223,21.77897478993177,0.375352530227269,,,,,,,,,,,,,,,,,,0.5975921534808499,9.19648588574628,,,0,0,8,3,WAVES_N,G15
W223990631609888,223.057041729283,-0.259376286117998,2.83128889550258,0.0439100004732608,8.658198339898211,20.37738588004012,19.31842827265405,18.93441980007772,18.73770284855768,18.680732882213302,22.43721540991964,0.5067633632100019,,,,,,,,,,,,,,,,,,0.5807254240963644,11.32515558201032,,,0,1,8,3,WAVES_N,G15
W223990252610474,223.372867495349,-0.210539670893811,2.0617956826941,0.0444499999284744,8.741718639153358,21.172062644443656,19.95757508270374,19.366773191740897,19.079035429384128,18.87349579095341,22.18087600295915,0.383925656385137,,,,,,,,,,,,,,,,,,0.8785396533196135,8.2471827307764,,,0,0,8,3,WAVES_N,G15
W223990932307182,222.80645214567,-0.484872233982344,3.20756145128769,0.0446199998259544,8.900802669144639,20.335793853702803,19.10194018953756,18.57320675483203,18.392232782380887,18.29383840136517,22.346956363827918,0.579402661604969,,,,,,,,,,,,,,,,,,0.7097074071566709,12.83024580515076,,,0,0,8,3,WAVES_N,G15
W223990460106188,223.199967197743,-0.567704844502731,3.01352309983188,0.0435199998319149,8.649976946117128,20.634449773876632,19.367107908763792,19.01410789375372,18.76933828250472,18.774188938766308,22.652355199756872,0.57428190461882,,,,,,,,,,,,,,,,,,0.5977696262590726,12.05409239932752,,,0,1,8,3,WAVES_N,G15
W223991184407103,222.596366833075,-0.491446138951685,3.80659190416603,0.0425099991261959,8.87144200432856,19.836526942952855,18.68142855749624,18.25897179832385,18.113429091029893,17.97425619399747,22.40452807811992,0.353060116473227,,,,,,,,,,,,,,,,,,0.5679994664663468,15.22636761666412,,,0,0,8,3,WAVES_N,G15
W223990634308842,223.054792455643,-0.346541875156371,3.14545684199542,0.0434500016272068,8.811913901196975,20.97306163262624,19.724746510908822,19.06070982299115,18.849535226993027,18.69889573958799,22.7920031583214,0.1998146925574749,,,,,,,,,,,,,,,,,,0.875211283915796,12.58182736798168,,,0,0,8,3,WAVES_N,G15
W222990613611366,222.072040380171,-0.136213114226427,3.77802278677569,0.0410699993371963,8.608628711161025,20.10898701261963,19.142939212254696,18.7677597122957,18.6192404000425,18.59654064992693,22.8969572590235,0.295902721183365,,,,,,,,,,,,,,,,,,0.5236988122121957,15.11209114710276,,,0,0,8,3,WAVES_N,G15
W222990971302674,221.773938484841,-0.860530210932674,3.74429631674461,0.0419699996709823,8.852258988516105,19.86771688671376,18.716820766905585,18.311686361045357,18.14354120422649,18.089280615751505,22.421412096255857,0.207664129638378,,,,,,,,,,,,,,,,,,0.5732795626790903,14.97718526697844,,,0,0,8,3,WAVES_N,G15
W223981132107174,222.639842037397,-1.48551233106497,3.13220048855449,0.0428429692983627,10.381169187795289,17.569543177827967,16.131035132109076,15.466986198780642,15.125710249370634,14.908429464370329,19.18910864534809,0.2669239828362669,,,,,,,,,,,,,,,,,,1.0053248827384422,12.52880195421796,,,0,0,4,1,WAVES_N,G15
W222981196811934,221.585984764257,-1.08885363522288,13.2561847434568,0.0290047693997621,9.422183515329868,16.73554005565542,15.903292027763358,15.644068628399982,15.547333466570985,15.529400433792876,22.499036049904745,0.749329804876984,,,,,,,,,,,,,,,,,,0.3559585611923754,53.0247389738272,,,0,1,8,1,WAVES_N,G15
W222980393306786,222.255713017537,-1.51785988948888,1.67138892365116,0.0425899997353553,8.762468290835466,20.063653849097747,19.04543347193338,18.612448653123955,18.445712498946087,18.37664302447481,20.97071093364436,0.340538242825722,,,,,,,,,,,,,,,,,,0.5997209729872921,6.68555569460464,,,0,0,8,3,WAVES_N,G15
W222980822107836,221.898260146188,-1.43037278015493,3.16262331225638,0.0429899990558624,8.854457711667585,19.908189209805577,18.753198345810297,18.352980902967676,18.183215495196904,18.12964693806852,22.0960929240626,0.04903476746428,,,,,,,,,,,,,,,,,,0.5699828506133926,12.65049324902552,,,0,0,8,3,WAVES_N,G15
W223000040607524,222.549549391288,0.543599987642694,6.79760214482115,0.0395011790096759,10.37568762470692,17.253220538619424,15.90538053371859,15.253574257591584,14.92444256671634,14.74596430563799,20.658227650708376,0.636130128444359,,,,,,,,,,,,,,,,,,0.9809379670022498,27.1904085792846,,,0,0,4,1,WAVES_N,G15
W223000562903417,222.114290668677,0.201377303349152,1.61420996944525,0.0270000007003545,8.87166174732597,18.934164070421797,17.867448639307657,17.432323218644832,17.243548919609847,17.135447982179798,19.71499802641351,0.232281782293671,,,,,,,,,,,,,,,,,,0.6238997196978104,6.456839877781,,,0,0,8,3,WAVES_N,G15
W223000004706042,222.579453591944,0.420103567436678,1.52566025918939,0.034790001809597,8.790866051115206,19.541728926603877,18.493812827671704,18.089917813355303,17.912298568440963,17.86344748688419,20.250081663884885,0.2579571478571609,,,,,,,,,,,,,,,,,,0.5815142592307403,6.10264103675756,,,0,0,8,3,WAVES_N,G15
W223000063208899,222.530726151604,0.658179696264867,4.5300688310617,0.0291294902563095,9.316415719084905,18.063490733263407,16.99031892872643,16.533296306407646,16.340262582856568,16.255550424662683,21.056694992382837,0.429015990355341,,,,,,,,,,,,,,,,,,0.6500563458698636,18.1202753242468,,,0,0,8,3,WAVES_N,G15
W223000115607721,222.487052934616,0.560021411370168,3.6393850576863,0.0397300012409687,9.345290763494388,20.864996387503467,19.025372496376285,18.191513279521125,17.851905222068588,17.615607241827316,22.23952799953585,0.649243539885533,,,,,,,,,,,,,,,,,,1.173467274307697,14.5575402307452,,,0,0,8,3,WAVES_N,G15
W223000228303546,222.393116563449,0.212122429394867,1.67421574924413,0.0438000001013278,8.691932375655973,20.918344756896,19.68516080318441,19.17260398813854,18.939103560189658,18.873441155075163,21.534535784840664,0.2570559602760219,,,,,,,,,,,,,,,,,,0.7460572429947518,6.69686299697652,,,0,0,8,3,WAVES_N,G15
W223010005111420,222.579401297142,1.8681911357255,2.27777201311004,0.0689999982714653,10.607060790004876,17.926915137342604,16.49552296126362,15.87687191983418,15.516048978903669,15.357287427404849,18.90729786401776,0.079224762351049,,,,,,,,,,,,,,,,,,0.979473982359952,9.11108805244016,,,1,0,8,1,WAVES_N,G15
W223010069709587,222.525508765282,1.71546853531876,3.92488622507592,0.0445580296218395,10.32908436647953,17.74548505240388,16.28243029280429,15.62051820619356,15.299500107464915,15.136693791419384,19.832528247427128,0.3494839191036609,,,,,,,,,,,,,,,,,,0.9829301853393736,15.69954490030368,,,0,0,4,1,WAVES_N,G15
W224020538610605,222.734700426517,2.80036452163119,1.75043969694072,0.0291793495416641,10.05592414456284,18.46949562531699,16.659850074189297,15.825650688174804,15.46215941109244,15.19645612741078,18.28426113896868,0.1339285777624239,,,,,,,,,,,,,,,,,,1.1976906630968571,7.00175878776288,,,0,0,4,1,WAVES_N,G15
W224020455008764,222.804424905023,2.64694118739369,3.93569486428766,0.0343247205018997,10.002053008454803,17.46897750705358,16.206475117533316,15.589997503325892,15.34660962823848,15.153512294373032,19.807979285416337,0.432297121704143,,,,,,,,,,,,,,,,,,0.8598654892948367,15.74277945715064,,,0,0,4,1,WAVES_N,G15
W224020283007307,222.947875260642,2.52549517467378,7.68540229436073,0.0342300795018672,9.912998902925224,17.41717268100217,16.19305157511624,15.663718269420208,15.41646573942828,15.268863265401995,21.334925979591457,0.51888244249706,,,,,,,,,,,,,,,,,,0.7765858356879587,30.74160917744292,,,0,0,4,1,WAVES_N,G15
W224020433210068,222.822629099795,2.75560253387996,2.42771712698782,0.0340499989688396,8.737018386095391,19.368370252250408,18.338160012598628,18.011606612962733,17.845077365413957,17.791060513347333,21.180471705591582,0.549288534112488,,,,,,,,,,,,,,,,,,0.4930826471846714,9.71086850795128,,,0,1,8,1,WAVES_N,G15
W224020484507285,222.779798784204,2.5236959218832,7.21808852454981,0.0069200000725686,7.714619809976653,18.05221630960899,17.174790304908583,16.853472620402734,16.785800798000285,16.723836206975044,22.388458322431696,0.4543092838542459,,,,,,,,,,,,,,,,,,0.3889895069082989,28.87235409819924,,,0,0,4,1,WAVES_N,G15
W224020211012741,223.008071784387,2.97828848126637,4.40660785584321,0.0060512130148708,7.516385586983714,19.095575866218983,18.086672153671348,17.57384341915651,17.44294216129159,17.353484282765706,22.03724012264844,0.006396400703883,,,,,,,,,,,,,,,,,,0.6437299923797575,17.62643142337284,,,0,0,8,3,WAVES_N,G15
W224020717007540,222.585861059216,2.54495824671931,2.62977915251534,0.0448400005698204,8.893490993748976,20.624104064662145,19.225622086842947,18.671384628602,18.481500235691364,18.33114338385001,22.01385570132001,0.408491407530145,,,,,,,,,,,,,,,,,,0.7441218511515828,10.51911661006136,,,0,0,8,3,WAVES_N,G15
W225021123308481,223.246926921289,2.62332506931473,2.77034762190813,0.0834038779139518,10.600213016269109,19.06550807637696,17.398390337246994,16.5929337014802,16.239270401106698,16.019474290707677,20.048479720964227,0.360447381126696,,,,,,,,,,,,,,,,,,1.1591199361402964,11.08139048763252,,,1,0,8,1,WAVES_N,G15
W225020949409974,223.391972006562,2.74777203819231,1.60914311495221,0.0288900006562471,9.090915953045537,19.943002689826827,18.48660812563436,17.769315892453953,17.49301497462994,17.264523202494644,20.045163931011327,0.2235362212390219,,,,,,,,,,,,,,,,,,0.993593151004422,6.43657245980884,,,0,0,8,3,WAVES_N,G15
W225020912812426,223.422478836404,2.95210147134586,2.78414382608096,0.044558398425579,9.268928462551248,18.779483870593342,17.712710383969508,17.344699626458176,17.17182991890676,17.075756863343475,20.811032641873027,0.422161700076378,,,,,,,,,,,,,,,,,,0.5408804650627488,11.13657530432384,,,0,0,8,3,WAVES_N,G15
W225021049410889,223.308528190556,2.82400172938705,1.52467211915525,0.0448499992489814,8.881368204917601,20.501861124318744,19.211107660773685,18.69763654145087,18.483396178181245,18.452620988237257,20.856393516512604,0.233809067800105,,,,,,,,,,,,,,,,,,0.72771148259244,6.098688476621,,,0,0,8,3,WAVES_N,G15
W225021188211415,223.192713472372,2.86779760857794,2.84568930383599,0.0272899996489286,8.751182956016223,20.25052518642028,18.84440283249497,18.237687562052805,17.984503948124825,17.819499097297232,21.75149965120932,0.567675684758798,,,,,,,,,,,,,,,,,,0.8598988843701463,11.38275721534396,,,0,0,8,3,WAVES_N,G15
W225020993504638,223.355263567148,2.30310478682177,6.33480439842266,0.0271700005978345,9.01859494463656,18.455062390836957,17.35249353054113,16.965080609923433,16.786810065719504,16.74648719065458,22.21662133961308,0.040184383800278,,,,,,,,,,,,,,,,,,0.5656834648216247,25.33921759369064,,,0,0,8,3,WAVES_N,G15
W224030705300495,222.595619359634,2.95789116876013,8.53021453811931,0.0056613800115883,8.179973940363213,17.601514485654473,16.45916406841295,15.934312079153152,15.752132025793925,15.64239487985429,21.831986530764613,0.372743741446361,,,,,,,,,,,,,,,,,,0.7070320426190264,34.12085815247724,,,0,0,8,3,WAVES_N,G15
W224000807309126,222.910619257901,0.677123611915557,2.19030776163422,0.0433899983763694,8.751669817586674,20.30666928228017,19.2044114500802,18.794540104366696,18.57118488465546,18.535006151003728,21.739940496806668,0.427977244098639,,,,,,,,,,,,,,,,,,0.6332265654247387,8.76123104653688,,,0,0,8,3,WAVES_N,G15
W224000826101126,222.89496228316,0.0104702277050363,3.08912448871608,0.0429099984467029,8.893900377853342,20.486609430819037,19.162854270564253,18.634125162079755,18.40733725180598,18.330197624713318,22.326176895314347,0.533403338872651,,,,,,,,,,,,,,,,,,0.7555170187582725,12.35649795486432,,,0,0,8,3,WAVES_N,G15
W224001090901108,222.674307131679,0.0089702102028621,2.29868330726601,0.0428400002419948,8.939121748111592,21.644237622222317,19.92863860090558,19.10360141856609,18.85353963116353,18.566719505816536,22.153871810539098,0.2360650268030529,,,,,,,,,,,,,,,,,,1.0750989697420437,9.19473322906404,,,0,0,8,3,WAVES_N,G15
W224000981901452,222.76513391252,0.0376347207023585,3.33717186847832,0.0448700003325939,9.112964326209294,20.8523231003132,19.566997162262744,18.80136534284805,18.500908560822904,18.353406374418118,22.66113289425179,0.3480145508974209,,,,,,,,,,,,,,,,,,1.0660886014398407,13.34868747391328,,,0,0,8,3,WAVES_N,G15
W224000781202168,222.932376604204,0.0972982301039936,3.71727767296396,0.0269000008702278,8.2061404921504,20.342725390102125,19.21268243132148,18.8648970978209,18.70105852331756,18.70469593669202,22.95889679559705,0.627378577048499,,,,,,,,,,,,,,,,,,0.5116239080039229,14.86911069185584,,,0,1,8,3,WAVES_N,G15
W224000900801291,222.832714561534,0.0242191662933174,2.537012612164,0.0430300012230873,8.91398826424457,20.618968069973427,19.409001694509502,18.88687753698983,18.54827722157612,18.44356968885605,22.151365349827145,0.0757218288204729,,,,,,,,,,,,,,,,,,0.8607244729333878,10.148050448656,,,0,0,8,3,WAVES_N,G15
W224001184409587,222.596353056792,0.715522895109123,3.13166642169755,0.0403000004589557,8.600876292809723,20.815502331269144,19.804179579175237,19.26229444714268,19.03349965892853,18.8817430590482,22.984046607602806,0.401437604607637,,,,,,,,,,,,,,,,,,0.7706799202466996,12.5266656867902,,,0,0,8,3,WAVES_N,G15
W224010104207590,223.496710585753,1.54906680395222,4.6677559906779,0.0439141392707824,9.28855240184764,19.17578920853705,18.09957395655328,17.639804060352013,17.389580441475424,17.28215415976902,22.228219467094604,0.7315425282404691,,,,,,,,,,,,,,,,,,0.7099935150778549,18.6710239627116,,,0,0,8,3,WAVES_N,G15
W224010966508243,222.77787282049,1.60352950966783,3.79314444721954,0.0442360714077949,9.364934158270392,18.98013122014202,17.85377320088432,17.382671410354607,17.169256202290008,17.091886537001358,21.5205429992974,0.375515956594562,,,,,,,,,,,,,,,,,,0.6845169985943116,15.17257778887816,,,0,0,8,3,WAVES_N,G15
W224010258106531,223.368406249434,1.46084482032611,2.86104034880186,0.0437400005757808,8.703737246242934,19.989910321277137,19.01888410319866,18.67946078186622,18.502448297273936,18.425369094172417,22.204955376777527,0.2713068379828209,,,,,,,,,,,,,,,,,,0.516435805924722,11.44416139520744,,,0,0,8,3,WAVES_N,G15
W215020080706570,214.116588583373,2.46402497278665,1.97538450316476,0.0542165786027908,10.19251679444363,19.098771794301797,17.318078155156087,16.552373767820264,16.233290426079193,16.00128177034586,19.27350666164606,0.2724886161330759,,,,,,,,,,,,,,,,,,1.0847877290768937,7.90153801265904,,,0,0,4,1,WAVES_N,G15
W215020342903658,213.897842640502,2.22143054286758,4.67483336169281,0.0519088692963123,10.485809449863472,18.09788865659296,16.59237156660734,15.84126651338878,15.471726939927796,15.288159957061405,20.43297186861373,0.541341386150447,,,,,,,,,,,,,,,,,,1.1206446266795442,18.69933344677124,,,0,0,4,1,WAVES_N,G15
W215020226409525,213.99514144813,2.7103096955969,6.3808056015151,0.0756670013070106,10.849874086559607,17.04561648408145,15.81791273278045,15.282563383020245,14.933752954775318,14.824410739304067,20.549815632503687,0.317769186242231,,,,,,,,,,,,,,,,,,0.8841597780051309,25.5232224060604,,,1,0,8,1,WAVES_N,G15
W215020873405136,213.455421468351,2.34461792461524,2.5119593943384,0.0290099997073411,8.697737381063032,19.429091578777506,18.39247353381691,17.995306313350497,17.791498969214725,17.74312902497332,21.23824406898388,0.543558966329316,,,,,,,,,,,,,,,,,,0.6009745646021862,10.0478375773536,,,0,0,8,3,WAVES_N,G15
W215020985906033,213.361580753447,2.4193541316796,3.98840579040489,0.025334570556879,8.611843308352576,19.00044765164867,17.921806949870327,17.60846579467213,17.463719309575765,17.457111119327564,21.85533716689264,0.680268181768269,,,,,,,,,,,,,,,,,,0.4580876402945613,15.95362316161956,,,0,1,8,1,WAVES_N,G15
W215021033505402,213.321890687415,2.36676405695229,4.86453315851201,0.0250300001353025,9.103244051906294,17.824536214735254,16.778018399446797,16.456118523701896,16.279946862626446,16.239239522232275,21.134199045714496,0.1311740062730659,,,,,,,,,,,,,,,,,,0.4980715368203512,19.45813263404804,,,0,0,4,1,WAVES_N,G15
W215021156812828,213.218876965244,2.98554743898421,3.50670366217193,0.0398400016129016,8.727977256606913,19.759517013231093,18.633191710660878,18.2983253610492,18.162619803163302,18.426638766555527,22.265695377294367,0.7018877443817639,,,,,,,,,,,,,,,,,,0.4705719074975718,14.02681464868772,,,0,1,8,1,WAVES_N,G15
W215020804212354,213.513096171047,2.94611260167124,4.59708386409568,0.0252826698124408,8.833753644730166,19.07674258832435,17.949206767993836,17.463990567209297,17.279147860810802,17.20134055756071,22.019277381990022,0.449721859521338,,,,,,,,,,,,,,,,,,0.6700589071830336,18.38833545638272,,,0,0,8,3,WAVES_N,G15
W215020566411068,213.711509767024,2.83894901127287,4.02092229655608,0.0352700017392635,8.809118115564736,18.853537961321244,17.911647566357637,17.623016094348067,17.53484878448824,17.481004274710298,21.88751917877405,0.3415366590636359,,,,,,,,,,,,,,,,,,0.3767987818693967,16.08368918622432,,,0,0,4,1,WAVES_N,G15
W215020968603013,213.376052977871,2.16769551629319,4.48735670332805,0.0350099988281726,8.971214879818081,18.260130088025896,17.289305996869246,17.088181476837683,16.985348620116866,17.01170847652045,21.59100912505916,0.1230253495822389,,,,,,,,,,,,,,,,,,0.3039573767523791,17.9494268133122,,,0,0,4,1,WAVES_N,G15
W215020760005717,213.549998160207,2.3930408807006,4.58255932173967,0.0253251902759075,8.50449700788233,19.13407045043289,18.111496148027094,17.810929309603825,17.68155326995155,17.65226482562008,22.35934446964403,0.54292261059143,,,,,,,,,,,,,,,,,,0.4299428780755434,18.33023728695868,,,0,1,8,1,WAVES_N,G15
W215020674912644,213.620985819883,2.97028090647488,3.07106569734512,0.024720000103116,8.379772653747352,20.55279641500156,19.092896317593503,18.603278474436934,18.402255584686777,18.223681001362465,22.282598691805514,0.1907431380452,,,,,,,,,,,,,,,,,,0.6906407329067257,12.28426278938048,,,0,0,8,3,WAVES_N,G15
W215021049109285,213.30880815099,2.69033960525457,4.08516651190337,0.025450000539422,8.246542025314632,19.503051165012373,18.563417824554584,18.32091271123758,18.207018702353604,18.08432447613172,22.61983620860884,0.099428387552537,,,,,,,,,,,,,,,,,,0.3563991222009797,16.34066604761348,,,0,0,4,1,WAVES_N,G15
W214020354706719,212.888058265126,2.47651040796882,4.60728009005529,0.0530327595770359,10.072534872435128,18.27422930150062,16.971508098326588,16.40109078803329,16.104408984829032,15.98716447837327,20.96118854521468,0.55625992788034,,,,,,,,,,,,,,,,,,0.8670991134975559,18.42912036022116,,,0,0,4,1,WAVES_N,G15
W214020070109588,213.125530068652,2.71550992138174,1.62898775144744,0.0263199992477893,8.371942645299885,20.33012776807336,19.13607170443341,18.68858822430611,18.485448926932897,18.33216401076368,20.991052000086174,0.271742295250328,,,,,,,,,,,,,,,,,,0.6506227775005158,6.51595100578976,,,0,0,8,3,WAVES_N,G15
W214020424512012,212.829915695388,2.91759415452432,3.72121773495271,0.0258900001645088,8.221908277632483,19.7488748145378,18.745043832323898,18.46365912101248,18.3585475984832,18.33342656092581,22.55995921321823,0.438611279992392,,,,,,,,,,,,,,,,,,0.3864962338406954,14.88487093981084,,,0,0,4,1,WAVES_N,G15
W214010285211333,213.345879711242,1.86100300191147,2.45456273554205,0.047860000282526,9.605389533244372,20.19844930415289,18.509713093164585,17.747099146328967,17.42997035835085,17.239825780532247,20.93984451106172,0.443057249212778,,,,,,,,,,,,,,,,,,1.0797427348137347,9.8182509421682,,,0,0,4,1,WAVES_N,G15
W216021096907870,214.268962010808,2.57241541579313,1.83858717022429,0.054761741310358,10.208436024395596,19.27331247741388,17.51571439151272,16.69650087283508,16.35240339842324,16.180313682481597,19.2617966808571,0.4346777282859529,,,,,,,,,,,,,,,,,,1.1633109930894785,7.35434868089716,,,0,0,4,1,WAVES_N,G15
W216021121206524,214.248722344661,2.46024549056455,2.75123537308649,0.0358700007200241,9.088067121024984,19.48492880946008,18.265528084858246,17.74535438846479,17.521326308671775,17.387589970687003,21.185867803427936,0.555637961690436,,,,,,,,,,,,,,,,,,0.7442017761864719,11.00494149234596,,,0,0,8,3,WAVES_N,G15
